Timestamp,Student Input,Emotion
2026-07-19 20:47:43.964648,This topic is boring.,Bored
2026-07-19 20:50:40.743048,I am confused about recursion.,Confused
2026-07-19 21:19:54.463660,I am confused about recursion.,Confused
2026-07-19 21:20:09.450247,I am confused about recursion.,Confused
2026-07-19 21:23:16.102696,I am confused about recursion.,Confused
2026-07-19 21:28:37.539219,I am confused about recursion.,Confused
2026-07-19 22:06:23.747796,I am confused about recursion and I don't understand how recursive functions work.,Confused
2026-07-19 22:07:50.094599,This topic is boring and I feel bored while studying.,Bored
2026-07-19 22:08:32.016377,I am frustrated because I keep getting errors in Python.,Frustrated
2026-07-19 22:09:01.581702,I am curious to learn Artificial Intelligence.,Curious
2026-07-19 22:09:24.223718,Today I completed my assignment.,Neutral
2026-07-19 22:09:39.866882,Today I completed my assignment.,Neutral
2026-07-19 22:11:01.617247,I feel confident after solving all programming problems.,Confident
2026-07-19 22:14:44.377637,I feel confident after solving all programming problems.,Confident
2026-07-19 22:52:35.058917,I feel confident after solving all programming problems.,Confident
2026-07-19 23:33:25.704896,I am confused about recursion.,Confused
